Workbook

Sheet Лист1
A3: year | B3: month | C3: Сумма по полю total_profit2 | D3: Винрейт
A4: 2023 | B4: 1 | C4: 1298 | D4: =COUNTIFS(Sheet1!Q:Q,Лист1!A4,Sheet1!R:R,Лист1!B4,Sheet1!U:U,">0")/COUNTIFS(Sheet1!Q:Q,Лист1!A4,Sheet1!R:R,Лист1!B4) -> 0.42857143
A5: 2023 | B5: 2 | C5: 4601 | D5: =COUNTIFS(Sheet1!Q:Q,Лист1!A5,Sheet1!R:R,Лист1!B5,Sheet1!U:U,">0")/COUNTIFS(Sheet1!Q:Q,Лист1!A5,Sheet1!R:R,Лист1!B5) -> 0.57894737
A6: 2023 | B6: 3 | C6: 13756 | D6: =COUNTIFS(Sheet1!Q:Q,Лист1!A6,Sheet1!R:R,Лист1!B6,Sheet1!U:U,">0")/COUNTIFS(Sheet1!Q:Q,Лист1!A6,Sheet1!R:R,Лист1!B6) -> 0.68181818
A7: 2023 | B7: 4 | C7: 35575 | D7: =COUNTIFS(Sheet1!Q:Q,Лист1!A7,Sheet1!R:R,Лист1!B7,Sheet1!U:U,">0")/COUNTIFS(Sheet1!Q:Q,Лист1!A7,Sheet1!R:R,Лист1!B7) -> 0.85
A8: 2023 | B8: 5 | C8: 37312 | D8: =COUNTIFS(Sheet1!Q:Q,Лист1!A8,Sheet1!R:R,Лист1!B8,Sheet1!U:U,">0")/COUNTIFS(Sheet1!Q:Q,Лист1!A8,Sheet1!R:R,Лист1!B8) -> 0.76190476
A9: 2023 | B9: 6 | C9: 25855 | D9: =COUNTIFS(Sheet1!Q:Q,Лист1!A9,Sheet1!R:R,Лист1!B9,Sheet1!U:U,">0")/COUNTIFS(Sheet1!Q:Q,Лист1!A9,Sheet1!R:R,Лист1!B9) -> 0.61904762
A10: 2023 | B10: 7 | C10: 18357 | D10: =COUNTIFS(Sheet1!Q:Q,Лист1!A10,Sheet1!R:R,Лист1!B10,Sheet1!U:U,">0")/COUNTIFS(Sheet1!Q:Q,Лист1!A10,Sheet1!R:R,Лист1!B10) -> 0.61904762
A11: 2023 | B11: 8 | C11: 35117 | D11: =COUNTIFS(Sheet1!Q:Q,Лист1!A11,Sheet1!R:R,Лист1!B11,Sheet1!U:U,">0")/COUNTIFS(Sheet1!Q:Q,Лист1!A11,Sheet1!R:R,Лист1!B11) -> 0.60869565
A12: 2023 | B12: 9 | C12: 43132 | D12: =COUNTIFS(Sheet1!Q:Q,Лист1!A12,Sheet1!R:R,Лист1!B12,Sheet1!U:U,">0")/COUNTIFS(Sheet1!Q:Q,Лист1!A12,Sheet1!R:R,Лист1!B12) -> 0.76190476
A13: 2023 | B13: 10 | C13: 53258 | D13: =COUNTIFS(Sheet1!Q:Q,Лист1!A13,Sheet1!R:R,Лист1!B13,Sheet1!U:U,">0")/COUNTIFS(Sheet1!Q:Q,Лист1!A13,Sheet1!R:R,Лист1!B13) -> 0.63636364
A14: 2023 | B14: 11 | C14: 54603 | D14: =COUNTIFS(Sheet1!Q:Q,Лист1!A14,Sheet1!R:R,Лист1!B14,Sheet1!U:U,">0")/COUNTIFS(Sheet1!Q:Q,Лист1!A14,Sheet1!R:R,Лист1!B14) -> 0.68181818
A15: 2023 | B15: 12 | C15: 75261 | D15: =COUNTIFS(Sheet1!Q:Q,Лист1!A15,Sheet1!R:R,Лист1!B15,Sheet1!U:U,">0")/COUNTIFS(Sheet1!Q:Q,Лист1!A15,Sheet1!R:R,Лист1!B15) -> 0.80952381
A16: 2023 Итог | C16: 398125
A17: 2024 | B17: 1 | C17: 78730 | D17: =COUNTIFS(Sheet1!Q:Q,Лист1!A17,Sheet1!R:R,Лист1!B17,Sheet1!U:U,">0")/COUNTIFS(Sheet1!Q:Q,Лист1!A17,Sheet1!R:R,Лист1!B17) -> 0.76190476
A18: 2024 | B18: 2 | C18: 48393 | D18: =COUNTIFS(Sheet1!Q:Q,Лист1!A18,Sheet1!R:R,Лист1!B18,Sheet1!U:U,">0")/COUNTIFS(Sheet1!Q:Q,Лист1!A18,Sheet1!R:R,Лист1!B18) -> 0.8
A19: 2024 | B19: 3 | C19: 56836 | D19: =COUNTIFS(Sheet1!Q:Q,Лист1!A19,Sheet1!R:R,Лист1!B19,Sheet1!U:U,">0")/COUNTIFS(Sheet1!Q:Q,Лист1!A19,Sheet1!R:R,Лист1!B19) -> 0.65
A20: 2024 | B20: 4 | C20: 130229 | D20: =COUNTIFS(Sheet1!Q:Q,Лист1!A20,Sheet1!R:R,Лист1!B20,Sheet1!U:U,">0")/COUNTIFS(Sheet1!Q:Q,Лист1!A20,Sheet1!R:R,Лист1!B20) -> 0.7826087
A21: 2024 | B21: 5 | C21: 145281 | D21: =COUNTIFS(Sheet1!Q:Q,Лист1!A21,Sheet1!R:R,Лист1!B21,Sheet1!U:U,">0")/COUNTIFS(Sheet1!Q:Q,Лист1!A21,Sheet1!R:R,Лист1!B21) -> 0.80952381
A22: 2024 | B22: 6 | C22: 177925 | D22: =COUNTIFS(Sheet1!Q:Q,Лист1!A22,Sheet1!R:R,Лист1!B22,Sheet1!U:U,">0")/COUNTIFS(Sheet1!Q:Q,Лист1!A22,Sheet1!R:R,Лист1!B22) -> 0.84210526
A23: 2024 | B23: 7 | C23: 99448 | D23: =COUNTIFS(Sheet1!Q:Q,Лист1!A23,Sheet1!R:R,Лист1!B23,Sheet1!U:U,">0")/COUNTIFS(Sheet1!Q:Q,Лист1!A23,Sheet1!R:R,Лист1!B23) -> 0.60869565
A24: 2024 | B24: 8 | C24: 62783 | D24: =COUNTIFS(Sheet1!Q:Q,Лист1!A24,Sheet1!R:R,Лист1!B24,Sheet1!U:U,">0")/COUNTIFS(Sheet1!Q:Q,Лист1!A24,Sheet1!R:R,Лист1!B24) -> 0.54545455
A25: 2024 | B25: 9 | C25: 249907 | D25: =COUNTIFS(Sheet1!Q:Q,Лист1!A25,Sheet1!R:R,Лист1!B25,Sheet1!U:U,">0")/COUNTIFS(Sheet1!Q:Q,Лист1!A25,Sheet1!R:R,Лист1!B25) -> 0.80952381
A26: 2024 Итог | C26: 1049532
A27: Общий итог | C27: 1447657

Sheet Sheet1
B1: DATE | C1: TIME | D1: OPEN | E1: HIGH | F1: LOW | G1: CLOSE | H1: VOL | I1: ATR | J1: CANDLE_COLOR | K1: PREV_CANDLE_COLOR | L1: SL_SIZE | M1: TP_SIZE | N1: PROFIT_LONG | O1: PROFIT_SHORT | P1: TOTAL_PROFIT | Q1: year | R1: month | S1: profit_w_comm | T1: pos_size | U1: total_profit | V1: final_balance | X1: START | Y1: 160000
A2: 14 | B2: 44949 | C2: 0 | D2: 69498 | E2: 69945 | F2: 68921 | G2: 69799 | H2: 967899 | I2: 1266.82 | J2: 1 | K2: 1 | L2: 428 | M2: 857 | N2: 327 | O2: 0 | P2: 327 | Q2: =YEAR(B2) -> 2023 | R2: =MONTH(B2) -> 1 | S2: =P2-10 -> 317 | T2: =ROUNDDOWN(Y1*$Y$2/L2,0) -> 3 | U2: =S2*T2 -> 951 | V2: =Y1+U2 -> 160951 | X2: RISK | Y2: 0.01
A3: 15 | B3: 44950 | C3: 0 | D3: 69790 | E3: 69791 | F3: 69364 | G3: 69570 | H3: 658238 | I3: 1207.41 | J3: 0 | K3: 1 | L3: 422 | M3: 845 | N3: -233 | O3: 0 | P3: -233 | Q3: =YEAR(B3) -> 2023 | R3: =MONTH(B3) -> 1 | S3: =P3-10 -> -243 | T3: =ROUNDDOWN(V2*$Y$2/L3,0) -> 3 | U3: =S3*T3 -> -729 | V3: =V2+U3 -> 160222 | X3: WINRATE | Y3: =COUNTIF(U:U,">0")/(COUNTA(U:U)-1) -> 0.70465116
A4: 16 | B4: 44951 | C4: 0 | D4: 69570 | E4: 69987 | F4: 69421 | G4: 69857 | H4: 767748 | I4: 1161.59 | J4: 1 | K4: 0 | L4: 402 | M4: 805 | N4: 0 | O4: -230 | P4: -230 | Q4: =YEAR(B4) -> 2023 | R4: =MONTH(B4) -> 1 | S4: =P4-10 -> -240 | T4: =ROUNDDOWN(V3*$Y$2/L4,0) -> 3 | U4: =S4*T4 -> -720 | V4: =V3+U4 -> 159502
A5: 17 | B5: 44952 | C5: 0 | D5: 69857 | E5: 70266 | F5: 69276 | G5: 69670 | H5: 1189573 | I5: 1149.33 | J5: 0 | K5: 1 | L5: 387 | M5: 774 | N5: -242 | O5: 0 | P5: -242 | Q5: =YEAR(B5) -> 2023 | R5: =MONTH(B5) -> 1 | S5: =P5-10 -> -252 | T5: =ROUNDDOWN(V4*$Y$2/L5,0) -> 4 | U5: =S5*T5 -> -1008 | V5: =V4+U5 -> 158494
A6: 18 | B6: 44953 | C6: 0 | D6: 69675 | E6: 70175 | F6: 69649 | G6: 70050 | H6: 821428 | I6: 1104.81 | J6: 1 | K6: 0 | L6: 383 | M6: 766 | N6: 0 | O6: -382 | P6: -382 | Q6: =YEAR(B6) -> 2023 | R6: =MONTH(B6) -> 1 | S6: =P6-10 -> -392 | T6: =ROUNDDOWN(V5*$Y$2/L6,0) -> 4 | U6: =S6*T6 -> -1568 | V6: =V5+U6 -> 156926
A7: 19 | B7: 44956 | C7: 0 | D7: 70069 | E7: 71320 | F7: 69911 | G7: 71304 | H7: 898051 | I7: 1126.54 | J7: 1 | K7: 1 | L7: 368 | M7: 737 | N7: 737 | O7: 0 | P7: 737 | Q7: =YEAR(B7) -> 2023 | R7: =MONTH(B7) -> 1 | S7: =P7-10 -> 727 | T7: =ROUNDDOWN(V6*$Y$2/L7,0) -> 4 | U7: =S7*T7 -> 2908 | V7: =V6+U7 -> 159834
A8: 20 | B8: 44957 | C8: 0 | D8: 71314 | E8: 71525 | F8: 70555 | G8: 70597 | H8: 1274234 | I8: 1115.36 | J8: 0 | K8: 1 | L8: 376 | M8: 751 | N8: 376 | O8: 0 | P8: 376 | Q8: =YEAR(B8) -> 2023 | R8: =MONTH(B8) -> 1 | S8: =P8-10 -> 366 | T8: =ROUNDDOWN(V7*$Y$2/L8,0) -> 4 | U8: =S8*T8 -> 1464 | V8: =V7+U8 -> 161298
A9: 21 | B9: 44958 | C9: 0 | D9: 70599 | E9: 71103 | F9: 70505 | G9: 70610 | H9: 781263 | I9: 1078.4 | J9: 1 | K9: 0 | L9: 372 | M9: 744 | N9: 0 | O9: -109 | P9: -109 | Q9: =YEAR(B9) -> 2023 | R9: =MONTH(B9) -> 2 | S9: =P9-10 -> -119 | T9: =ROUNDDOWN(V8*$Y$2/L9,0) -> 4 | U9: =S9*T9 -> -476 | V9: =V8+U9 -> 160822
A10: 22 | B10: 44959 | C10: 0 | D10: 70620 | E10: 71293 | F10: 70383 | G10: 70973 | H10: 849914 | I10: 1066.37 | J10: 1 | K10: 1 | L10: 359 | M10: 719 | N10: 234 | O10: 0 | P10: 234 | Q10: =YEAR(B10) -> 2023 | R10: =MONTH(B10) -> 2 | S10: =P10-10 -> 224 | T10: =ROUNDDOWN(V9*$Y$2/L10,0) -> 4 | U10: =S10*T10 -> 896 | V10: =V9+U10 -> 161718
A11: 23 | B11: 44960 | C11: 0 | D11: 70974 | E11: 71563 | F11: 70907 | G11: 71312 | H11: 916534 | I11: 1037.06 | J11: 1 | K11: 1 | L11: 355 | M11: 711 | N11: 356 | O11: 0 | P11: 356 | Q11: =YEAR(B11) -> 2023 | R11: =MONTH(B11) -> 2 | S11: =P11-10 -> 346 | T11: =ROUNDDOWN(V10*$Y$2/L11,0) -> 4 | U11: =S11*T11 -> 1384 | V11: =V10+U11 -> 163102
A12: 24 | B12: 44963 | C12: 0 | D12: 71340 | E12: 71834 | F12: 71001 | G12: 71796 | H12: 638451 | I12: 1022.49 | J12: 1 | K12: 1 | L12: 346 | M12: 691 | N12: 449 | O12: 0 | P12: 449 | Q12: =YEAR(B12) -> 2023 | R12: =MONTH(B12) -> 2 | S12: =P12-10 -> 439 | T12: =ROUNDDOWN(V11*$Y$2/L12,0) -> 4 | U12: =S12*T12 -> 1756 | V12: =V11+U12 -> 164858
A13: 25 | B13: 44964 | C13: 0 | D13: 71785 | E13: 71909 | F13: 71338 | G13: 71450 | H13: 723791 | I13: 990.24 | J13: 0 | K13: 1 | L13: 341 | M13: 682 | N13: -306 | O13: 0 | P13: -306 | Q13: =YEAR(B13) -> 2023 | R13: =MONTH(B13) -> 2 | S13: =P13-10 -> -316 | T13: =ROUNDDOWN(V12*$Y$2/L13,0) -> 4 | U13: =S13*T13 -> -1264 | V13: =V12+U13 -> 163594
A14: 26 | B14: 44965 | C14: 0 | D14: 71466 | E14: 72778 | F14: 71466 | G14: 72750 | H14: 1147927 | I14: 1014.36 | J14: 1 | K14: 0 | L14: 330 | M14: 660 | N14: 0 | O14: 330 | P14: 330 | Q14: =YEAR(B14) -> 2023 | R14: =MONTH(B14) -> 2 | S14: =P14-10 -> 320 | T14: =ROUNDDOWN(V13*$Y$2/L14,0) -> 4 | U14: =S14*T14 -> 1280 | V14: =V13+U14 -> 164874
A15: 27 | B15: 44966 | C15: 0 | D15: 72770 | E15: 73485 | F15: 72703 | G15: 72950 | H15: 1311020 | I15: 997.77 | J15: 1 | K15: 1 | L15: 338 | M15: 676 | N15: 179 | O15: 0 | P15: 179 | Q15: =YEAR(B15) -> 2023 | R15: =MONTH(B15) -> 2 | S15: =P15-10 -> 169 | T15: =ROUNDDOWN(V14*$Y$2/L15,0) -> 4 | U15: =S15*T15 -> 676 | V15: =V14+U15 -> 165550
... A431: 443 | B431: 45565 | C431: 0 | D431: 92747 | E431: 93100 | F431: 92565 | G431: 93031 | H431: 390031 | I431: 1011.35 | J431: 1 | K431: 1 | L431: 349 | M431: 699 | N431: 286 | O431: 0 | P431: 286 | Q431: =YEAR(B431) -> 2024 | R431: =MONTH(B431) -> 9 | S431: =P431-10 -> 276 | T431: =ROUNDDOWN(V430*$Y$2/L431,0) -> 45 | U431: =S431*T431 -> 12420 | V431: =V430+U431 -> 1607657

Sheet oct24
A1: № | B1: Дата | C1: ATR | D1: SL Size | E1: TP Size | F1: Direction | G1: Open Price | H1: SL | I1: TP | J1: Close Price | K1: Financial result | M1: Total | N1: =SUM(K:K) - 10*MAX(A:A) -> 2971 | P1: Winrate | Q1: =COUNTIF(K:K,">0")/(COUNTA(K:K)-1) -> 0.47826087
A2: 1 | B2: 45566 | C2: 1010.59 | D2: =ROUND(C2/3,0) -> 337 | E2: =ROUND(C2*2/3,0) -> 674 | F2: long | G2: 93033 | H2: =IF(F2="long",G2-D2,G2+D2) -> 92696 | I2: =IF(F2="long",G2+E2,G2-E2) -> 93707 | J2: 93707 | K2: =IF(J2=0,0,IF(F2="long",J2-G2,G2-J2)) -> 674 | M2: Risk 1% | N2: =N1*4 -> 11884
A3: 2 | B3: 45567 | C3: 1012.69 | D3: =ROUND(C3/3,0) -> 338 | E3: =ROUND(C3*2/3,0) -> 675 | F3: long | G3: 93701 | H3: =IF(F3="long",G3-D3,G3+D3) -> 93363 | I3: =IF(F3="long",G3+E3,G3-E3) -> 94376 | J3: 94376 | K3: =IF(J3=0,0,IF(F3="long",J3-G3,G3-J3)) -> 675 | M3: Risk 2% | N3: =N1*8 -> 23768
A4: 3 | B4: 45568 | C4: 1002.5 | D4: =ROUND(C4/3,0) -> 334 | E4: =ROUND(C4*2/3,0) -> 668 | F4: long | G4: 94400 | H4: =IF(F4="long",G4-D4,G4+D4) -> 94066 | I4: =IF(F4="long",G4+E4,G4-E4) -> 95068 | J4: 94066 | K4: =IF(J4=0,0,IF(F4="long",J4-G4,G4-J4)) -> -334
A5: 4 | B5: 45569 | C5: 988.82 | D5: =ROUND(C5/3,0) -> 330 | E5: =ROUND(C5*2/3,0) -> 659 | F5: short | G5: 94300 | H5: =IF(F5="long",G5-D5,G5+D5) -> 94630 | I5: =IF(F5="long",G5+E5,G5-E5) -> 93641 | J5: 94630 | K5: =IF(J5=0,0,IF(F5="long",J5-G5,G5-J5)) -> -330
A6: 5 | B6: 45572 | C6: 997.69 | D6: =ROUND(C6/3,0) -> 333 | E6: =ROUND(C6*2/3,0) -> 665 | F6: long | G6: 94645 | H6: =IF(F6="long",G6-D6,G6+D6) -> 94312 | I6: =IF(F6="long",G6+E6,G6-E6) -> 95310 | J6: 95310 | K6: =IF(J6=0,0,IF(F6="long",J6-G6,G6-J6)) -> 665
A7: 6 | B7: 45573 | C7: 1011.07 | D7: =ROUND(C7/3,0) -> 337 | E7: =ROUND(C7*2/3,0) -> 674 | F7: long | G7: 95554 | H7: =IF(F7="long",G7-D7,G7+D7) -> 95217 | I7: =IF(F7="long",G7+E7,G7-E7) -> 96228 | J7: 95217 | K7: =IF(J7=0,0,IF(F7="long",J7-G7,G7-J7)) -> -337
A8: 7 | B8: 45574 | C8: 1006.42 | D8: =ROUND(C8/3,0) -> 335 | E8: =ROUND(C8*2/3,0) -> 671 | F8: long | G8: 95850 | H8: =IF(F8="long",G8-D8,G8+D8) -> 95515 | I8: =IF(F8="long",G8+E8,G8-E8) -> 96521 | J8: 95994 | K8: =IF(J8=0,0,IF(F8="long",J8-G8,G8-J8)) -> 144
A9: 8 | B9: 45575 | C9: 993.61 | D9: =ROUND(C9/3,0) -> 331 | E9: =ROUND(C9*2/3,0) -> 662 | F9: long | G9: 96024 | H9: =IF(F9="long",G9-D9,G9+D9) -> 95693 | I9: =IF(F9="long",G9+E9,G9-E9) -> 96686 | J9: 95693 | K9: =IF(J9=0,0,IF(F9="long",J9-G9,G9-J9)) -> -331
A10: 9 | B10: 45576 | C10: 1011.92 | D10: =ROUND(C10/3,0) -> 337 | E10: =ROUND(C10*2/3,0) -> 675 | F10: short | G10: 95161 | H10: =IF(F10="long",G10-D10,G10+D10) -> 95498 | I10: =IF(F10="long",G10+E10,G10-E10) -> 94486 | J10: 94486 | K10: =IF(J10=0,0,IF(F10="long",J10-G10,G10-J10)) -> 675
A11: 10 | B11: 45579 | C11: 1026.57 | D11: =ROUND(C11/3,0) -> 342 | E11: =ROUND(C11*2/3,0) -> 684 | F11: short | G11: 94961 | H11: =IF(F11="long",G11-D11,G11+D11) -> 95303 | I11: =IF(F11="long",G11+E11,G11-E11) -> 94277 | J11: 95026 | K11: =IF(J11=0,0,IF(F11="long",J11-G11,G11-J11)) -> -65
A12: 11 | B12: 45580 | C12: 1013.39 | D12: =ROUND(C12/3,0) -> 338 | E12: =ROUND(C12*2/3,0) -> 676 | F12: long | G12: 95080 | H12: =IF(F12="long",G12-D12,G12+D12) -> 94742 | I12: =IF(F12="long",G12+E12,G12-E12) -> 95756 | J12: 95756 | K12: =IF(J12=0,0,IF(F12="long",J12-G12,G12-J12)) -> 676
A13: 12 | B13: 45581 | C13: 1063.5 | D13: =ROUND(C13/3,0) -> 355 | E13: =ROUND(C13*2/3,0) -> 709 | F13: long | G13: 96600 | H13: =IF(F13="long",G13-D13,G13+D13) -> 96245 | I13: =IF(F13="long",G13+E13,G13-E13) -> 97309 | J13: 96245 | K13: =IF(J13=0,0,IF(F13="long",J13-G13,G13-J13)) -> -355
A14: 13 | B14: 45582 | C14: 1083.11 | D14: =ROUND(C14/3,0) -> 361 | E14: =ROUND(C14*2/3,0) -> 722 | F14: short | G14: 96096 | H14: =IF(F14="long",G14-D14,G14+D14) -> 96457 | I14: =IF(F14="long",G14+E14,G14-E14) -> 95374 | J14: 95374 | K14: =IF(J14=0,0,IF(F14="long",J14-G14,G14-J14)) -> 722
A15: 14 | B15: 45583 | C15: 1096.39 | D15: =ROUND(C15/3,0) -> 365 | E15: =ROUND(C15*2/3,0) -> 731 | F15: short | G15: 95383 | H15: =IF(F15="long",G15-D15,G15+D15) -> 95748 | I15: =IF(F15="long",G15+E15,G15-E15) -> 94652 | J15: 94652 | K15: =IF(J15=0,0,IF(F15="long",J15-G15,G15-J15)) -> 731
... A24: 23 | B24: 45596 | C24: 1065.01 | D24: =ROUND(C24/3,0) -> 355 | E24: =ROUND(C24*2/3,0) -> 710 | F24: short | G24: 96950 | H24: =IF(F24="long",G24-D24,G24+D24) -> 97305 | I24: =IF(F24="long",G24+E24,G24-E24) -> 96240 | J24: 97305 | K24: =IF(J24=0,0,IF(F24="long",J24-G24,G24-J24)) -> -355

Sheet nov24
A1: № | B1: Дата | C1: ATR | D1: SL Size | E1: TP Size | F1: Direction | G1: Open Price | H1: SL | I1: TP | J1: Close Price | K1: Financial result | M1: Total | N1: =SUM(K:K) - 10*MAX(A:A) -> -1081 | P1: Winrate | Q1: =COUNTIF(K:K,">0")/(COUNTA(K:K)-1) -> 0.16666667
A2: 1 | B2: 45597 | C2: 1056.72 | D2: =ROUND(C2/3,0) -> 352 | E2: =ROUND(C2*2/3,0) -> 704 | F2: long | G2: 97106 | H2: =IF(F2="long",G2-D2,G2+D2) -> 96754 | I2: =IF(F2="long",G2+E2,G2-E2) -> 97810 | J2: 97810 | K2: =IF(J2=0,0,IF(F2="long",J2-G2,G2-J2)) -> 704 | M2: Risk 1% | N2: =N1*4 -> -4324
A3: 2 | B3: 45598 | C3: 1054.74 | D3: =ROUND(C3/3,0) -> 352 | E3: =ROUND(C3*2/3,0) -> 703 | F3: long | G3: 97704 | H3: =IF(F3="long",G3-D3,G3+D3) -> 97352 | I3: =IF(F3="long",G3+E3,G3-E3) -> 98407 | J3: 97352 | K3: =IF(J3=0,0,IF(F3="long",J3-G3,G3-J3)) -> -352 | M3: Risk 2% | N3: =N1*8 -> -8648
A4: 3 | B4: 45601 | C4: 1025.62 | D4: =ROUND(C4/3,0) -> 342 | E4: =ROUND(C4*2/3,0) -> 684 | F4: short | G4: 97510 | H4: =IF(F4="long",G4-D4,G4+D4) -> 97852 | I4: =IF(F4="long",G4+E4,G4-E4) -> 96826 | J4: 97852 | K4: =IF(J4=0,0,IF(F4="long",J4-G4,G4-J4)) -> -342
A5: 4 | B5: 45602 | C5: 1012.72 | D5: =ROUND(C5/3,0) -> 338 | E5: =ROUND(C5*2/3,0) -> 675 | F5: long | G5: 97380 | H5: =IF(F5="long",G5-D5,G5+D5) -> 97042 | I5: =IF(F5="long",G5+E5,G5-E5) -> 98055 | J5: 97042 | K5: =IF(J5=0,0,IF(F5="long",J5-G5,G5-J5)) -> -338
A6: 5 | B6: 45603 | C6: 1054.02 | D6: =ROUND(C6/3,0) -> 351 | E6: =ROUND(C6*2/3,0) -> 703 | F6: long | G6: 98045 | H6: =IF(F6="long",G6-D6,G6+D6) -> 97694 | I6: =IF(F6="long",G6+E6,G6-E6) -> 98748 | J6: 97694 | K6: =IF(J6=0,0,IF(F6="long",J6-G6,G6-J6)) -> -351
A7: 6 | B7: 45604 | C7: 1026.02 | D7: =ROUND(C7/3,0) -> 342 | E7: =ROUND(C7*2/3,0) -> 684 | F7: short | G7: 97950 | H7: =IF(F7="long",G7-D7,G7+D7) -> 98292 | I7: =IF(F7="long",G7+E7,G7-E7) -> 97266 | J7: 98292 | K7: =IF(J7=0,0,IF(F7="long",J7-G7,G7-J7)) -> -342

Sheet pivot
A1: DATE | B1: PROFIT_Si | C1: PROFIT_Eu | D1: PROFIT_GAZR | E1: PROFIT_SBRF | F1: PROFIT_MOEX | G1: MULT_Si | H1: MULT_Eu | I1: MULT_GAZR | J1: MULT_SBRF | K1: MULT_MOEX | L1: TOTAL_PROFIT | M1: CUMULATIVE_PROFIT | O1: Итоговый винрейт | P1: =COUNTIF(L:L,">0")/(COUNTA(L:L)-1) -> 0.78366446
A2: 44949 | B2: 425 | C2: 502 | D2: -50 | E2: 179 | F2: 14 | G2: 1 | H2: 1 | I2: 4 | J2: 2 | K2: 3 | L2: 999 | M2: =$P$2+L2 -> 160999 | O2: Стартовый капитал | P2: 160000
A3: 44950 | B3: -122 | C3: -66 | D3: 94 | E3: 104 | F3: 50 | G3: 1 | H3: 1 | I3: 4 | J3: 2 | K3: 3 | L3: 418 | M3: =M2+L3 -> 161417
A4: 44951 | B4: -202 | C4: -383 | D4: -150 | E4: -32 | F4: 70 | G4: 1 | H4: 1 | I4: 4 | J4: 2 | K4: 3 | L4: -1167 | M4: =M3+L4 -> 160250
A5: 44952 | B5: -314 | C5: -273 | D5: 96 | E5: -52 | F5: 34 | G5: 1 | H5: 1 | I5: 4 | J5: 2 | K5: 3 | L5: -333 | M5: =M4+L5 -> 159917
A6: 44953 | B6: -329 | C6: -167 | D6: -152 | E6: -85 | F6: 12 | G6: 1 | H6: 1 | I6: 4 | J6: 2 | K6: 3 | L6: -1366 | M6: =M5+L6 -> 158551
A7: 44956 | B7: 737 | C7: 769 | D7: 96 | E7: 6 | F7: 6 | G7: 1 | H7: 1 | I7: 4 | J7: 2 | K7: 3 | L7: 1792 | M7: =M6+L7 -> 160343
A8: 44957 | B8: 376 | C8: 392 | D8: 14 | E8: 193 | F8: 68 | G8: 1 | H8: 1 | I8: 4 | J8: 2 | K8: 3 | L8: 1286 | M8: =M7+L8 -> 161629
A9: 44958 | B9: 89 | C9: -527 | D9: 37 | E9: -56 | F9: 15 | G9: 1 | H9: 1 | I9: 4 | J9: 2 | K9: 3 | L9: -485 | M9: =M8+L9 -> 161144
A10: 44959 | B10: 168 | C10: -306 | D10: 74 | E10: 114 | F10: -16 | G10: 1 | H10: 1 | I10: 4 | J10: 2 | K10: 3 | L10: 210 | M10: =M9+L10 -> 161354
A11: 44960 | B11: 320 | C11: -232 | D11: 90 | E11: 204 | F11: -36 | G11: 1 | H11: 1 | I11: 4 | J11: 2 | K11: 3 | L11: 620 | M11: =M10+L11 -> 161974
A12: 44963 | B12: 377 | C12: 99 | D12: 102 | E12: 210 | F12: 76 | G12: 1 | H12: 1 | I12: 4 | J12: 2 | K12: 3 | L12: 1404 | M12: =M11+L12 -> 163378
A13: 44964 | B13: -216 | C13: 320 | D13: -22 | E13: 112 | F13: 79 | G13: 1 | H13: 1 | I13: 4 | J13: 2 | K13: 3 | L13: 349 | M13: =M12+L13 -> 163727
A14: 44965 | B14: 330 | C14: 352 | D14: 198 | E14: 133 | F14: 111 | G14: 1 | H14: 1 | I14: 4 | J14: 2 | K14: 3 | L14: 1945 | M14: =M13+L14 -> 165672
... A454: 45596 | B454: -94 | C454: -222 | D454: 8 | E454: 323 | F454: 362 | G454: 1 | H454: 1 | I454: 4 | J454: 2 | K454: 3 | L454: 1320 | M454: =M453+L454 -> 602240
